,Unit,Value,Year,Month,Numeric_date
0,Parts Per Million,315.7,1958.0,3.0,1958.25
1,Parts Per Million,317.45,1958.0,4.0,1958.3333333333333
2,Parts Per Million,317.51,1958.0,5.0,1958.4166666666667
3,Parts Per Million,317.24,1958.0,6.0,1958.5
4,Parts Per Million,315.86,1958.0,7.0,1958.5833333333333
5,Parts Per Million,314.93,1958.0,8.0,1958.6666666666667
6,Parts Per Million,313.2,1958.0,9.0,1958.75
7,Parts Per Million,312.43,1958.0,10.0,1958.8333333333333
8,Parts Per Million,313.33,1958.0,11.0,1958.9166666666667
9,Parts Per Million,314.67,1958.0,12.0,1959.0
10,Parts Per Million,315.58,1959.0,1.0,1959.0833333333333
11,Parts Per Million,316.48,1959.0,2.0,1959.1666666666667
12,Parts Per Million,316.65,1959.0,3.0,1959.25
14,Parts Per Million,317.72,1959.0,4.0,1959.3333333333333
16,Parts Per Million,318.29,1959.0,5.0,1959.4166666666667
18,Parts Per Million,318.15,1959.0,6.0,1959.5
20,Parts Per Million,316.54,1959.0,7.0,1959.5833333333333
22,Parts Per Million,314.8,1959.0,8.0,1959.6666666666667
24,Parts Per Million,313.84,1959.0,9.0,1959.75
26,Parts Per Million,313.33,1959.0,10.0,1959.8333333333333
28,Parts Per Million,314.81,1959.0,11.0,1959.9166666666667
30,Parts Per Million,315.58,1959.0,12.0,1960.0
32,Parts Per Million,316.43,1960.0,1.0,1960.0833333333333
34,Parts Per Million,316.98,1960.0,2.0,1960.1666666666667
36,Parts Per Million,317.58,1960.0,3.0,1960.25
38,Parts Per Million,319.03,1960.0,4.0,1960.3333333333333
40,Parts Per Million,320.04,1960.0,5.0,1960.4166666666667
42,Parts Per Million,319.59,1960.0,6.0,1960.5
44,Parts Per Million,318.18,1960.0,7.0,1960.5833333333333
46,Parts Per Million,315.9,1960.0,8.0,1960.6666666666667
48,Parts Per Million,314.17,1960.0,9.0,1960.75
50,Parts Per Million,313.83,1960.0,10.0,1960.8333333333333
52,Parts Per Million,315.0,1960.0,11.0,1960.9166666666667
54,Parts Per Million,316.19,1960.0,12.0,1961.0
56,Parts Per Million,316.89,1961.0,1.0,1961.0833333333333
58,Parts Per Million,317.7,1961.0,2.0,1961.1666666666667
60,Parts Per Million,318.54,1961.0,3.0,1961.25
62,Parts Per Million,319.48,1961.0,4.0,1961.3333333333333
64,Parts Per Million,320.58,1961.0,5.0,1961.4166666666667
66,Parts Per Million,319.77,1961.0,6.0,1961.5
68,Parts Per Million,318.57,1961.0,7.0,1961.5833333333333
70,Parts Per Million,316.79,1961.0,8.0,1961.6666666666667
72,Parts Per Million,314.99,1961.0,9.0,1961.75
74,Parts Per Million,315.31,1961.0,10.0,1961.8333333333333
76,Parts Per Million,316.1,1961.0,11.0,1961.9166666666667
78,Parts Per Million,317.01,1961.0,12.0,1962.0
80,Parts Per Million,317.94,1962.0,1.0,1962.0833333333333
82,Parts Per Million,318.55,1962.0,2.0,1962.1666666666667
84,Parts Per Million,319.68,1962.0,3.0,1962.25
86,Parts Per Million,320.57,1962.0,4.0,1962.3333333333333
88,Parts Per Million,321.02,1962.0,5.0,1962.4166666666667
90,Parts Per Million,320.62,1962.0,6.0,1962.5
92,Parts Per Million,319.61,1962.0,7.0,1962.5833333333333
94,Parts Per Million,317.4,1962.0,8.0,1962.6666666666667
96,Parts Per Million,316.25,1962.0,9.0,1962.75
98,Parts Per Million,315.42,1962.0,10.0,1962.8333333333333
100,Parts Per Million,316.69,1962.0,11.0,1962.9166666666667
102,Parts Per Million,317.7,1962.0,12.0,1963.0
104,Parts Per Million,318.74,1963.0,1.0,1963.0833333333333
106,Parts Per Million,319.07,1963.0,2.0,1963.1666666666667
108,Parts Per Million,319.86,1963.0,3.0,1963.25
110,Parts Per Million,321.38,1963.0,4.0,1963.3333333333333
112,Parts Per Million,322.25,1963.0,5.0,1963.4166666666667
114,Parts Per Million,321.48,1963.0,6.0,1963.5
116,Parts Per Million,319.74,1963.0,7.0,1963.5833333333333
118,Parts Per Million,317.77,1963.0,8.0,1963.6666666666667
120,Parts Per Million,316.21,1963.0,9.0,1963.75
122,Parts Per Million,315.99,1963.0,10.0,1963.8333333333333
124,Parts Per Million,317.07,1963.0,11.0,1963.9166666666667
126,Parts Per Million,318.35,1963.0,12.0,1964.0
128,Parts Per Million,319.57,1964.0,1.0,1964.0833333333333
130,Parts Per Million,320.01,1964.0,2.0,1964.1666666666667
132,Parts Per Million,320.74,1964.0,3.0,1964.25
134,Parts Per Million,321.84,1964.0,4.0,1964.3333333333333
136,Parts Per Million,322.26,1964.0,5.0,1964.4166666666667
138,Parts Per Million,321.89,1964.0,6.0,1964.5
140,Parts Per Million,320.44,1964.0,7.0,1964.5833333333333
142,Parts Per Million,318.69,1964.0,8.0,1964.6666666666667
144,Parts Per Million,316.7,1964.0,9.0,1964.75
146,Parts Per Million,316.87,1964.0,10.0,1964.8333333333333
148,Parts Per Million,317.68,1964.0,11.0,1964.9166666666667
150,Parts Per Million,318.71,1964.0,12.0,1965.0
152,Parts Per Million,319.44,1965.0,1.0,1965.0833333333333
154,Parts Per Million,320.44,1965.0,2.0,1965.1666666666667
156,Parts Per Million,320.89,1965.0,3.0,1965.25
158,Parts Per Million,322.14,1965.0,4.0,1965.3333333333333
160,Parts Per Million,322.17,1965.0,5.0,1965.4166666666667
162,Parts Per Million,321.87,1965.0,6.0,1965.5
164,Parts Per Million,321.21,1965.0,7.0,1965.5833333333333
166,Parts Per Million,318.87,1965.0,8.0,1965.6666666666667
168,Parts Per Million,317.81,1965.0,9.0,1965.75
170,Parts Per Million,317.3,1965.0,10.0,1965.8333333333333
172,Parts Per Million,318.87,1965.0,11.0,1965.9166666666667
174,Parts Per Million,319.42,1965.0,12.0,1966.0
176,Parts Per Million,320.62,1966.0,1.0,1966.0833333333333
178,Parts Per Million,321.6,1966.0,2.0,1966.1666666666667
180,Parts Per Million,322.39,1966.0,3.0,1966.25
182,Parts Per Million,323.7,1966.0,4.0,1966.3333333333333
184,Parts Per Million,324.08,1966.0,5.0,1966.4166666666667
186,Parts Per Million,323.75,1966.0,6.0,1966.5
188,Parts Per Million,322.38,1966.0,7.0,1966.5833333333333
190,Parts Per Million,320.36,1966.0,8.0,1966.6666666666667
192,Parts Per Million,318.64,1966.0,9.0,1966.75
194,Parts Per Million,318.1,1966.0,10.0,1966.8333333333333
196,Parts Per Million,319.78,1966.0,11.0,1966.9166666666667
198,Parts Per Million,321.03,1966.0,12.0,1967.0
200,Parts Per Million,322.33,1967.0,1.0,1967.0833333333333
202,Parts Per Million,322.5,1967.0,2.0,1967.1666666666667
204,Parts Per Million,323.04,1967.0,3.0,1967.25
206,Parts Per Million,324.42,1967.0,4.0,1967.3333333333333
208,Parts Per Million,325.0,1967.0,5.0,1967.4166666666667
210,Parts Per Million,324.09,1967.0,6.0,1967.5
212,Parts Per Million,322.54,1967.0,7.0,1967.5833333333333
214,Parts Per Million,320.92,1967.0,8.0,1967.6666666666667
216,Parts Per Million,319.25,1967.0,9.0,1967.75
218,Parts Per Million,319.39,1967.0,10.0,1967.8333333333333
220,Parts Per Million,320.73,1967.0,11.0,1967.9166666666667
222,Parts Per Million,321.96,1967.0,12.0,1968.0
224,Parts Per Million,322.57,1968.0,1.0,1968.0833333333333
226,Parts Per Million,323.15,1968.0,2.0,1968.1666666666667
228,Parts Per Million,323.89,1968.0,3.0,1968.25
230,Parts Per Million,325.02,1968.0,4.0,1968.3333333333333
232,Parts Per Million,325.57,1968.0,5.0,1968.4166666666667
234,Parts Per Million,325.36,1968.0,6.0,1968.5
236,Parts Per Million,324.14,1968.0,7.0,1968.5833333333333
238,Parts Per Million,322.11,1968.0,8.0,1968.6666666666667
240,Parts Per Million,320.33,1968.0,9.0,1968.75
242,Parts Per Million,320.25,1968.0,10.0,1968.8333333333333
244,Parts Per Million,321.32,1968.0,11.0,1968.9166666666667
246,Parts Per Million,322.89,1968.0,12.0,1969.0
248,Parts Per Million,324.0,1969.0,1.0,1969.0833333333333
250,Parts Per Million,324.42,1969.0,2.0,1969.1666666666667
252,Parts Per Million,325.63,1969.0,3.0,1969.25
254,Parts Per Million,326.66,1969.0,4.0,1969.3333333333333
256,Parts Per Million,327.38,1969.0,5.0,1969.4166666666667
258,Parts Per Million,326.71,1969.0,6.0,1969.5
260,Parts Per Million,325.88,1969.0,7.0,1969.5833333333333
262,Parts Per Million,323.66,1969.0,8.0,1969.6666666666667
264,Parts Per Million,322.38,1969.0,9.0,1969.75
266,Parts Per Million,321.78,1969.0,10.0,1969.8333333333333
268,Parts Per Million,322.86,1969.0,11.0,1969.9166666666667
270,Parts Per Million,324.12,1969.0,12.0,1970.0
272,Parts Per Million,325.06,1970.0,1.0,1970.0833333333333
274,Parts Per Million,325.98,1970.0,2.0,1970.1666666666667
276,Parts Per Million,326.93,1970.0,3.0,1970.25
278,Parts Per Million,328.13,1970.0,4.0,1970.3333333333333
280,Parts Per Million,328.08,1970.0,5.0,1970.4166666666667
282,Parts Per Million,327.67,1970.0,6.0,1970.5
284,Parts Per Million,326.34,1970.0,7.0,1970.5833333333333
286,Parts Per Million,324.69,1970.0,8.0,1970.6666666666667
288,Parts Per Million,323.1,1970.0,9.0,1970.75
290,Parts Per Million,323.06,1970.0,10.0,1970.8333333333333
292,Parts Per Million,324.01,1970.0,11.0,1970.9166666666667
294,Parts Per Million,325.13,1970.0,12.0,1971.0
296,Parts Per Million,326.17,1971.0,1.0,1971.0833333333333
298,Parts Per Million,326.68,1971.0,2.0,1971.1666666666667
300,Parts Per Million,327.17,1971.0,3.0,1971.25
302,Parts Per Million,327.79,1971.0,4.0,1971.3333333333333
304,Parts Per Million,328.93,1971.0,5.0,1971.4166666666667
306,Parts Per Million,328.57,1971.0,6.0,1971.5
308,Parts Per Million,327.36,1971.0,7.0,1971.5833333333333
310,Parts Per Million,325.43,1971.0,8.0,1971.6666666666667
312,Parts Per Million,323.36,1971.0,9.0,1971.75
314,Parts Per Million,323.56,1971.0,10.0,1971.8333333333333
316,Parts Per Million,324.8,1971.0,11.0,1971.9166666666667
318,Parts Per Million,326.01,1971.0,12.0,1972.0
320,Parts Per Million,326.77,1972.0,1.0,1972.0833333333333
322,Parts Per Million,327.63,1972.0,2.0,1972.1666666666667
324,Parts Per Million,327.75,1972.0,3.0,1972.25
326,Parts Per Million,329.72,1972.0,4.0,1972.3333333333333
328,Parts Per Million,330.07,1972.0,5.0,1972.4166666666667
330,Parts Per Million,329.09,1972.0,6.0,1972.5
332,Parts Per Million,328.04,1972.0,7.0,1972.5833333333333
334,Parts Per Million,326.32,1972.0,8.0,1972.6666666666667
336,Parts Per Million,324.84,1972.0,9.0,1972.75
338,Parts Per Million,325.2,1972.0,10.0,1972.8333333333333
340,Parts Per Million,326.5,1972.0,11.0,1972.9166666666667
342,Parts Per Million,327.55,1972.0,12.0,1973.0
344,Parts Per Million,328.55,1973.0,1.0,1973.0833333333333
346,Parts Per Million,329.56,1973.0,2.0,1973.1666666666667
348,Parts Per Million,330.3,1973.0,3.0,1973.25
350,Parts Per Million,331.5,1973.0,4.0,1973.3333333333333
352,Parts Per Million,332.48,1973.0,5.0,1973.4166666666667
354,Parts Per Million,332.07,1973.0,6.0,1973.5
356,Parts Per Million,330.87,1973.0,7.0,1973.5833333333333
358,Parts Per Million,329.31,1973.0,8.0,1973.6666666666667
360,Parts Per Million,327.51,1973.0,9.0,1973.75
362,Parts Per Million,327.18,1973.0,10.0,1973.8333333333333
364,Parts Per Million,328.16,1973.0,11.0,1973.9166666666667
366,Parts Per Million,328.64,1973.0,12.0,1974.0
368,Parts Per Million,329.35,1974.0,1.0,1974.0833333333333
370,Parts Per Million,330.71,1974.0,2.0,1974.1666666666667
372,Parts Per Million,331.48,1974.0,3.0,1974.25
374,Parts Per Million,332.65,1974.0,4.0,1974.3333333333333
376,Parts Per Million,333.18,1974.0,5.0,1974.4166666666667
378,Parts Per Million,332.2,1974.0,6.0,1974.5
380,Parts Per Million,331.07,1974.0,7.0,1974.5833333333333
382,Parts Per Million,329.15,1974.0,8.0,1974.6666666666667
384,Parts Per Million,327.33,1974.0,9.0,1974.75
386,Parts Per Million,327.28,1974.0,10.0,1974.8333333333333
388,Parts Per Million,328.31,1974.0,11.0,1974.9166666666667
390,Parts Per Million,329.58,1974.0,12.0,1975.0
392,Parts Per Million,330.73,1975.0,1.0,1975.0833333333333
394,Parts Per Million,331.46,1975.0,2.0,1975.1666666666667
396,Parts Per Million,331.94,1975.0,3.0,1975.25
398,Parts Per Million,333.11,1975.0,4.0,1975.3333333333333
400,Parts Per Million,333.95,1975.0,5.0,1975.4166666666667
402,Parts Per Million,333.42,1975.0,6.0,1975.5
404,Parts Per Million,331.97,1975.0,7.0,1975.5833333333333
406,Parts Per Million,329.95,1975.0,8.0,1975.6666666666667
408,Parts Per Million,328.5,1975.0,9.0,1975.75
410,Parts Per Million,328.36,1975.0,10.0,1975.8333333333333
412,Parts Per Million,329.38,1975.0,11.0,1975.9166666666667
414,Parts Per Million,330.75,1975.0,12.0,1976.0
416,Parts Per Million,331.56,1976.0,1.0,1976.0833333333333
418,Parts Per Million,332.74,1976.0,2.0,1976.1666666666667
420,Parts Per Million,333.36,1976.0,3.0,1976.25
422,Parts Per Million,334.74,1976.0,4.0,1976.3333333333333
424,Parts Per Million,334.72,1976.0,5.0,1976.4166666666667
426,Parts Per Million,333.98,1976.0,6.0,1976.5
428,Parts Per Million,333.08,1976.0,7.0,1976.5833333333333
430,Parts Per Million,330.68,1976.0,8.0,1976.6666666666667
432,Parts Per Million,328.96,1976.0,9.0,1976.75
434,Parts Per Million,328.72,1976.0,10.0,1976.8333333333333
436,Parts Per Million,330.16,1976.0,11.0,1976.9166666666667
438,Parts Per Million,331.62,1976.0,12.0,1977.0
440,Parts Per Million,332.68,1977.0,1.0,1977.0833333333333
442,Parts Per Million,333.17,1977.0,2.0,1977.1666666666667
444,Parts Per Million,334.96,1977.0,3.0,1977.25
446,Parts Per Million,336.14,1977.0,4.0,1977.3333333333333
448,Parts Per Million,336.93,1977.0,5.0,1977.4166666666667
450,Parts Per Million,336.17,1977.0,6.0,1977.5
452,Parts Per Million,334.89,1977.0,7.0,1977.5833333333333
454,Parts Per Million,332.56,1977.0,8.0,1977.6666666666667
456,Parts Per Million,331.29,1977.0,9.0,1977.75
458,Parts Per Million,331.28,1977.0,10.0,1977.8333333333333
460,Parts Per Million,332.46,1977.0,11.0,1977.9166666666667
462,Parts Per Million,333.6,1977.0,12.0,1978.0
464,Parts Per Million,334.94,1978.0,1.0,1978.0833333333333
466,Parts Per Million,335.26,1978.0,2.0,1978.1666666666667
468,Parts Per Million,336.66,1978.0,3.0,1978.25
470,Parts Per Million,337.69,1978.0,4.0,1978.3333333333333
472,Parts Per Million,338.02,1978.0,5.0,1978.4166666666667
474,Parts Per Million,338.01,1978.0,6.0,1978.5
476,Parts Per Million,336.5,1978.0,7.0,1978.5833333333333
478,Parts Per Million,334.42,1978.0,8.0,1978.6666666666667
480,Parts Per Million,332.36,1978.0,9.0,1978.75
482,Parts Per Million,332.45,1978.0,10.0,1978.8333333333333
484,Parts Per Million,333.76,1978.0,11.0,1978.9166666666667
486,Parts Per Million,334.91,1978.0,12.0,1979.0
488,Parts Per Million,336.14,1979.0,1.0,1979.0833333333333
490,Parts Per Million,336.69,1979.0,2.0,1979.1666666666667
492,Parts Per Million,338.27,1979.0,3.0,1979.25
494,Parts Per Million,338.82,1979.0,4.0,1979.3333333333333
496,Parts Per Million,339.24,1979.0,5.0,1979.4166666666667
498,Parts Per Million,339.26,1979.0,6.0,1979.5
500,Parts Per Million,337.54,1979.0,7.0,1979.5833333333333
502,Parts Per Million,335.72,1979.0,8.0,1979.6666666666667
504,Parts Per Million,333.97,1979.0,9.0,1979.75
506,Parts Per Million,334.24,1979.0,10.0,1979.8333333333333
508,Parts Per Million,335.32,1979.0,11.0,1979.9166666666667
510,Parts Per Million,336.81,1979.0,12.0,1980.0
512,Parts Per Million,337.9,1980.0,1.0,1980.0833333333333
514,Parts Per Million,338.34,1980.0,2.0,1980.1666666666667
516,Parts Per Million,340.07,1980.0,3.0,1980.25
518,Parts Per Million,340.93,1980.0,4.0,1980.3333333333333
520,Parts Per Million,341.45,1980.0,5.0,1980.4166666666667
522,Parts Per Million,341.36,1980.0,6.0,1980.5
524,Parts Per Million,339.45,1980.0,7.0,1980.5833333333333
526,Parts Per Million,337.67,1980.0,8.0,1980.6666666666667
528,Parts Per Million,336.25,1980.0,9.0,1980.75
530,Parts Per Million,336.14,1980.0,10.0,1980.8333333333333
532,Parts Per Million,337.3,1980.0,11.0,1980.9166666666667
534,Parts Per Million,338.29,1980.0,12.0,1981.0
536,Parts Per Million,339.29,1981.0,1.0,1981.0833333333333
538,Parts Per Million,340.55,1981.0,2.0,1981.1666666666667
540,Parts Per Million,341.63,1981.0,3.0,1981.25
542,Parts Per Million,342.6,1981.0,4.0,1981.3333333333333
544,Parts Per Million,343.04,1981.0,5.0,1981.4166666666667
546,Parts Per Million,342.54,1981.0,6.0,1981.5
548,Parts Per Million,340.82,1981.0,7.0,1981.5833333333333
550,Parts Per Million,338.48,1981.0,8.0,1981.6666666666667
552,Parts Per Million,336.95,1981.0,9.0,1981.75
554,Parts Per Million,337.05,1981.0,10.0,1981.8333333333333
556,Parts Per Million,338.57,1981.0,11.0,1981.9166666666667
558,Parts Per Million,339.91,1981.0,12.0,1982.0
560,Parts Per Million,340.93,1982.0,1.0,1982.0833333333333
562,Parts Per Million,341.76,1982.0,2.0,1982.1666666666667
564,Parts Per Million,342.77,1982.0,3.0,1982.25
566,Parts Per Million,343.96,1982.0,4.0,1982.3333333333333
568,Parts Per Million,344.77,1982.0,5.0,1982.4166666666667
570,Parts Per Million,343.88,1982.0,6.0,1982.5
572,Parts Per Million,342.42,1982.0,7.0,1982.5833333333333
574,Parts Per Million,340.24,1982.0,8.0,1982.6666666666667
576,Parts Per Million,338.38,1982.0,9.0,1982.75
578,Parts Per Million,338.41,1982.0,10.0,1982.8333333333333
580,Parts Per Million,339.44,1982.0,11.0,1982.9166666666667
582,Parts Per Million,340.78,1982.0,12.0,1983.0
584,Parts Per Million,341.57,1983.0,1.0,1983.0833333333333
586,Parts Per Million,342.79,1983.0,2.0,1983.1666666666667
588,Parts Per Million,343.37,1983.0,3.0,1983.25
590,Parts Per Million,345.39,1983.0,4.0,1983.3333333333333
592,Parts Per Million,346.14,1983.0,5.0,1983.4166666666667
594,Parts Per Million,345.76,1983.0,6.0,1983.5
596,Parts Per Million,344.32,1983.0,7.0,1983.5833333333333
598,Parts Per Million,342.51,1983.0,8.0,1983.6666666666667
600,Parts Per Million,340.46,1983.0,9.0,1983.75
602,Parts Per Million,340.53,1983.0,10.0,1983.8333333333333
604,Parts Per Million,341.79,1983.0,11.0,1983.9166666666667
606,Parts Per Million,343.2,1983.0,12.0,1984.0
608,Parts Per Million,344.21,1984.0,1.0,1984.0833333333333
610,Parts Per Million,344.92,1984.0,2.0,1984.1666666666667
612,Parts Per Million,345.68,1984.0,3.0,1984.25
614,Parts Per Million,347.38,1984.0,4.0,1984.3333333333333
616,Parts Per Million,347.78,1984.0,5.0,1984.4166666666667
618,Parts Per Million,347.16,1984.0,6.0,1984.5
620,Parts Per Million,345.79,1984.0,7.0,1984.5833333333333
622,Parts Per Million,343.74,1984.0,8.0,1984.6666666666667
624,Parts Per Million,341.59,1984.0,9.0,1984.75
626,Parts Per Million,341.86,1984.0,10.0,1984.8333333333333
628,Parts Per Million,343.31,1984.0,11.0,1984.9166666666667
630,Parts Per Million,345.0,1984.0,12.0,1985.0
632,Parts Per Million,345.48,1985.0,1.0,1985.0833333333333
634,Parts Per Million,346.41,1985.0,2.0,1985.1666666666667
636,Parts Per Million,347.91,1985.0,3.0,1985.25
638,Parts Per Million,348.66,1985.0,4.0,1985.3333333333333
640,Parts Per Million,349.28,1985.0,5.0,1985.4166666666667
642,Parts Per Million,348.65,1985.0,6.0,1985.5
644,Parts Per Million,346.9,1985.0,7.0,1985.5833333333333
646,Parts Per Million,345.26,1985.0,8.0,1985.6666666666667
648,Parts Per Million,343.47,1985.0,9.0,1985.75
650,Parts Per Million,343.35,1985.0,10.0,1985.8333333333333
652,Parts Per Million,344.73,1985.0,11.0,1985.9166666666667
654,Parts Per Million,346.12,1985.0,12.0,1986.0
656,Parts Per Million,346.78,1986.0,1.0,1986.0833333333333
658,Parts Per Million,347.48,1986.0,2.0,1986.1666666666667
660,Parts Per Million,348.25,1986.0,3.0,1986.25
662,Parts Per Million,349.86,1986.0,4.0,1986.3333333333333
664,Parts Per Million,350.52,1986.0,5.0,1986.4166666666667
666,Parts Per Million,349.98,1986.0,6.0,1986.5
668,Parts Per Million,348.25,1986.0,7.0,1986.5833333333333
670,Parts Per Million,346.17,1986.0,8.0,1986.6666666666667
672,Parts Per Million,345.48,1986.0,9.0,1986.75
674,Parts Per Million,344.82,1986.0,10.0,1986.8333333333333
676,Parts Per Million,346.22,1986.0,11.0,1986.9166666666667
678,Parts Per Million,347.48,1986.0,12.0,1987.0
680,Parts Per Million,348.73,1987.0,1.0,1987.0833333333333
682,Parts Per Million,348.92,1987.0,2.0,1987.1666666666667
684,Parts Per Million,349.81,1987.0,3.0,1987.25
686,Parts Per Million,351.4,1987.0,4.0,1987.3333333333333
688,Parts Per Million,352.15,1987.0,5.0,1987.4166666666667
690,Parts Per Million,351.58,1987.0,6.0,1987.5
692,Parts Per Million,350.21,1987.0,7.0,1987.5833333333333
694,Parts Per Million,348.2,1987.0,8.0,1987.6666666666667
696,Parts Per Million,346.66,1987.0,9.0,1987.75
698,Parts Per Million,346.72,1987.0,10.0,1987.8333333333333
700,Parts Per Million,348.08,1987.0,11.0,1987.9166666666667
702,Parts Per Million,349.28,1987.0,12.0,1988.0
704,Parts Per Million,350.51,1988.0,1.0,1988.0833333333333
706,Parts Per Million,351.7,1988.0,2.0,1988.1666666666667
708,Parts Per Million,352.5,1988.0,3.0,1988.25
710,Parts Per Million,353.67,1988.0,4.0,1988.3333333333333
712,Parts Per Million,354.35,1988.0,5.0,1988.4166666666667
714,Parts Per Million,353.88,1988.0,6.0,1988.5
716,Parts Per Million,352.8,1988.0,7.0,1988.5833333333333
718,Parts Per Million,350.49,1988.0,8.0,1988.6666666666667
720,Parts Per Million,348.97,1988.0,9.0,1988.75
722,Parts Per Million,349.37,1988.0,10.0,1988.8333333333333
724,Parts Per Million,350.43,1988.0,11.0,1988.9166666666667
726,Parts Per Million,351.62,1988.0,12.0,1989.0
728,Parts Per Million,353.07,1989.0,1.0,1989.0833333333333
730,Parts Per Million,353.43,1989.0,2.0,1989.1666666666667
732,Parts Per Million,354.08,1989.0,3.0,1989.25
734,Parts Per Million,355.72,1989.0,4.0,1989.3333333333333
736,Parts Per Million,355.95,1989.0,5.0,1989.4166666666667
738,Parts Per Million,355.44,1989.0,6.0,1989.5
740,Parts Per Million,354.05,1989.0,7.0,1989.5833333333333
742,Parts Per Million,351.84,1989.0,8.0,1989.6666666666667
744,Parts Per Million,350.09,1989.0,9.0,1989.75
746,Parts Per Million,350.33,1989.0,10.0,1989.8333333333333
748,Parts Per Million,351.55,1989.0,11.0,1989.9166666666667
750,Parts Per Million,352.91,1989.0,12.0,1990.0
752,Parts Per Million,353.86,1990.0,1.0,1990.0833333333333
754,Parts Per Million,355.1,1990.0,2.0,1990.1666666666667
756,Parts Per Million,355.75,1990.0,3.0,1990.25
758,Parts Per Million,356.38,1990.0,4.0,1990.3333333333333
760,Parts Per Million,357.38,1990.0,5.0,1990.4166666666667
762,Parts Per Million,356.39,1990.0,6.0,1990.5
764,Parts Per Million,354.89,1990.0,7.0,1990.5833333333333
766,Parts Per Million,353.06,1990.0,8.0,1990.6666666666667
768,Parts Per Million,351.38,1990.0,9.0,1990.75
770,Parts Per Million,351.69,1990.0,10.0,1990.8333333333333
772,Parts Per Million,353.14,1990.0,11.0,1990.9166666666667
774,Parts Per Million,354.41,1990.0,12.0,1991.0
776,Parts Per Million,354.93,1991.0,1.0,1991.0833333333333
778,Parts Per Million,355.82,1991.0,2.0,1991.1666666666667
780,Parts Per Million,357.33,1991.0,3.0,1991.25
782,Parts Per Million,358.77,1991.0,4.0,1991.3333333333333
784,Parts Per Million,359.23,1991.0,5.0,1991.4166666666667
786,Parts Per Million,358.23,1991.0,6.0,1991.5
788,Parts Per Million,356.3,1991.0,7.0,1991.5833333333333
790,Parts Per Million,353.97,1991.0,8.0,1991.6666666666667
792,Parts Per Million,352.34,1991.0,9.0,1991.75
794,Parts Per Million,352.43,1991.0,10.0,1991.8333333333333
796,Parts Per Million,353.89,1991.0,11.0,1991.9166666666667
798,Parts Per Million,355.21,1991.0,12.0,1992.0
800,Parts Per Million,356.34,1992.0,1.0,1992.0833333333333
802,Parts Per Million,357.21,1992.0,2.0,1992.1666666666667
804,Parts Per Million,357.97,1992.0,3.0,1992.25
806,Parts Per Million,359.22,1992.0,4.0,1992.3333333333333
808,Parts Per Million,359.71,1992.0,5.0,1992.4166666666667
810,Parts Per Million,359.44,1992.0,6.0,1992.5
812,Parts Per Million,357.15,1992.0,7.0,1992.5833333333333
814,Parts Per Million,354.99,1992.0,8.0,1992.6666666666667
816,Parts Per Million,353.01,1992.0,9.0,1992.75
818,Parts Per Million,353.41,1992.0,10.0,1992.8333333333333
820,Parts Per Million,354.42,1992.0,11.0,1992.9166666666667
822,Parts Per Million,355.68,1992.0,12.0,1993.0
824,Parts Per Million,357.1,1993.0,1.0,1993.0833333333333
826,Parts Per Million,357.42,1993.0,2.0,1993.1666666666667
828,Parts Per Million,358.59,1993.0,3.0,1993.25
830,Parts Per Million,359.39,1993.0,4.0,1993.3333333333333
832,Parts Per Million,360.3,1993.0,5.0,1993.4166666666667
834,Parts Per Million,359.64,1993.0,6.0,1993.5
836,Parts Per Million,357.45,1993.0,7.0,1993.5833333333333
838,Parts Per Million,355.76,1993.0,8.0,1993.6666666666667
840,Parts Per Million,354.14,1993.0,9.0,1993.75
842,Parts Per Million,354.23,1993.0,10.0,1993.8333333333333
844,Parts Per Million,355.53,1993.0,11.0,1993.9166666666667
846,Parts Per Million,357.03,1993.0,12.0,1994.0
848,Parts Per Million,358.36,1994.0,1.0,1994.0833333333333
850,Parts Per Million,359.04,1994.0,2.0,1994.1666666666667
852,Parts Per Million,360.11,1994.0,3.0,1994.25
854,Parts Per Million,361.36,1994.0,4.0,1994.3333333333333
856,Parts Per Million,361.78,1994.0,5.0,1994.4166666666667
858,Parts Per Million,360.94,1994.0,6.0,1994.5
860,Parts Per Million,359.51,1994.0,7.0,1994.5833333333333
862,Parts Per Million,357.59,1994.0,8.0,1994.6666666666667
864,Parts Per Million,355.86,1994.0,9.0,1994.75
866,Parts Per Million,356.21,1994.0,10.0,1994.8333333333333
868,Parts Per Million,357.65,1994.0,11.0,1994.9166666666667
870,Parts Per Million,359.1,1994.0,12.0,1995.0
872,Parts Per Million,360.04,1995.0,1.0,1995.0833333333333
874,Parts Per Million,361.0,1995.0,2.0,1995.1666666666667
876,Parts Per Million,361.98,1995.0,3.0,1995.25
878,Parts Per Million,363.44,1995.0,4.0,1995.3333333333333
880,Parts Per Million,363.83,1995.0,5.0,1995.4166666666667
882,Parts Per Million,363.33,1995.0,6.0,1995.5
884,Parts Per Million,361.78,1995.0,7.0,1995.5833333333333
886,Parts Per Million,359.33,1995.0,8.0,1995.6666666666667
888,Parts Per Million,358.32,1995.0,9.0,1995.75
890,Parts Per Million,358.14,1995.0,10.0,1995.8333333333333
892,Parts Per Million,359.61,1995.0,11.0,1995.9166666666667
894,Parts Per Million,360.82,1995.0,12.0,1996.0
896,Parts Per Million,362.2,1996.0,1.0,1996.0833333333333
898,Parts Per Million,363.36,1996.0,2.0,1996.1666666666667
900,Parts Per Million,364.28,1996.0,3.0,1996.25
902,Parts Per Million,364.69,1996.0,4.0,1996.3333333333333
904,Parts Per Million,365.25,1996.0,5.0,1996.4166666666667
906,Parts Per Million,365.06,1996.0,6.0,1996.5
908,Parts Per Million,363.69,1996.0,7.0,1996.5833333333333
910,Parts Per Million,361.55,1996.0,8.0,1996.6666666666667
912,Parts Per Million,359.69,1996.0,9.0,1996.75
914,Parts Per Million,359.72,1996.0,10.0,1996.8333333333333
916,Parts Per Million,361.04,1996.0,11.0,1996.9166666666667
918,Parts Per Million,362.39,1996.0,12.0,1997.0
920,Parts Per Million,363.24,1997.0,1.0,1997.0833333333333
922,Parts Per Million,364.21,1997.0,2.0,1997.1666666666667
924,Parts Per Million,364.65,1997.0,3.0,1997.25
926,Parts Per Million,366.48,1997.0,4.0,1997.3333333333333
928,Parts Per Million,366.77,1997.0,5.0,1997.4166666666667
930,Parts Per Million,365.73,1997.0,6.0,1997.5
932,Parts Per Million,364.46,1997.0,7.0,1997.5833333333333
934,Parts Per Million,362.4,1997.0,8.0,1997.6666666666667
936,Parts Per Million,360.44,1997.0,9.0,1997.75
938,Parts Per Million,360.98,1997.0,10.0,1997.8333333333333
940,Parts Per Million,362.65,1997.0,11.0,1997.9166666666667
942,Parts Per Million,364.51,1997.0,12.0,1998.0
944,Parts Per Million,365.39,1998.0,1.0,1998.0833333333333
946,Parts Per Million,366.1,1998.0,2.0,1998.1666666666667
948,Parts Per Million,367.36,1998.0,3.0,1998.25
950,Parts Per Million,368.79,1998.0,4.0,1998.3333333333333
952,Parts Per Million,369.56,1998.0,5.0,1998.4166666666667
954,Parts Per Million,369.13,1998.0,6.0,1998.5
956,Parts Per Million,367.98,1998.0,7.0,1998.5833333333333
958,Parts Per Million,366.1,1998.0,8.0,1998.6666666666667
960,Parts Per Million,364.16,1998.0,9.0,1998.75
962,Parts Per Million,364.54,1998.0,10.0,1998.8333333333333
964,Parts Per Million,365.67,1998.0,11.0,1998.9166666666667
966,Parts Per Million,367.3,1998.0,12.0,1999.0
968,Parts Per Million,368.35,1999.0,1.0,1999.0833333333333
970,Parts Per Million,369.28,1999.0,2.0,1999.1666666666667
972,Parts Per Million,369.84,1999.0,3.0,1999.25
974,Parts Per Million,371.15,1999.0,4.0,1999.3333333333333
976,Parts Per Million,371.12,1999.0,5.0,1999.4166666666667
978,Parts Per Million,370.46,1999.0,6.0,1999.5
980,Parts Per Million,369.61,1999.0,7.0,1999.5833333333333
982,Parts Per Million,367.06,1999.0,8.0,1999.6666666666667
984,Parts Per Million,364.95,1999.0,9.0,1999.75
986,Parts Per Million,365.52,1999.0,10.0,1999.8333333333333
988,Parts Per Million,366.88,1999.0,11.0,1999.9166666666667
990,Parts Per Million,368.26,1999.0,12.0,2000.0
992,Parts Per Million,369.45,2000.0,1.0,2000.0833333333333
994,Parts Per Million,369.71,2000.0,2.0,2000.1666666666667
996,Parts Per Million,370.75,2000.0,3.0,2000.25
998,Parts Per Million,371.98,2000.0,4.0,2000.3333333333333
1000,Parts Per Million,371.75,2000.0,5.0,2000.4166666666667
1002,Parts Per Million,371.87,2000.0,6.0,2000.5
1004,Parts Per Million,370.02,2000.0,7.0,2000.5833333333333
1006,Parts Per Million,368.27,2000.0,8.0,2000.6666666666667
1008,Parts Per Million,367.15,2000.0,9.0,2000.75
1010,Parts Per Million,367.18,2000.0,10.0,2000.8333333333333
1012,Parts Per Million,368.53,2000.0,11.0,2000.9166666666667
1014,Parts Per Million,369.83,2000.0,12.0,2001.0
1016,Parts Per Million,370.76,2001.0,1.0,2001.0833333333333
1018,Parts Per Million,371.69,2001.0,2.0,2001.1666666666667
1020,Parts Per Million,372.63,2001.0,3.0,2001.25
1022,Parts Per Million,373.55,2001.0,4.0,2001.3333333333333
1024,Parts Per Million,374.03,2001.0,5.0,2001.4166666666667
1026,Parts Per Million,373.4,2001.0,6.0,2001.5
1028,Parts Per Million,371.68,2001.0,7.0,2001.5833333333333
1030,Parts Per Million,369.78,2001.0,8.0,2001.6666666666667
1032,Parts Per Million,368.34,2001.0,9.0,2001.75
1034,Parts Per Million,368.61,2001.0,10.0,2001.8333333333333
1036,Parts Per Million,369.94,2001.0,11.0,2001.9166666666667
1038,Parts Per Million,371.42,2001.0,12.0,2002.0
1040,Parts Per Million,372.7,2002.0,1.0,2002.0833333333333
1042,Parts Per Million,373.37,2002.0,2.0,2002.1666666666667
1044,Parts Per Million,374.3,2002.0,3.0,2002.25
1046,Parts Per Million,375.19,2002.0,4.0,2002.3333333333333
1048,Parts Per Million,375.93,2002.0,5.0,2002.4166666666667
1050,Parts Per Million,375.69,2002.0,6.0,2002.5
1052,Parts Per Million,374.16,2002.0,7.0,2002.5833333333333
1054,Parts Per Million,372.03,2002.0,8.0,2002.6666666666667
1056,Parts Per Million,370.92,2002.0,9.0,2002.75
1058,Parts Per Million,370.73,2002.0,10.0,2002.8333333333333
1060,Parts Per Million,372.43,2002.0,11.0,2002.9166666666667
1062,Parts Per Million,373.98,2002.0,12.0,2003.0
1064,Parts Per Million,375.07,2003.0,1.0,2003.0833333333333
1066,Parts Per Million,375.82,2003.0,2.0,2003.1666666666667
1068,Parts Per Million,376.64,2003.0,3.0,2003.25
1070,Parts Per Million,377.92,2003.0,4.0,2003.3333333333333
1072,Parts Per Million,378.78,2003.0,5.0,2003.4166666666667
1074,Parts Per Million,378.46,2003.0,6.0,2003.5
1076,Parts Per Million,376.88,2003.0,7.0,2003.5833333333333
1078,Parts Per Million,374.57,2003.0,8.0,2003.6666666666667
1080,Parts Per Million,373.34,2003.0,9.0,2003.75
1082,Parts Per Million,373.31,2003.0,10.0,2003.8333333333333
1084,Parts Per Million,374.84,2003.0,11.0,2003.9166666666667
1086,Parts Per Million,376.17,2003.0,12.0,2004.0
1088,Parts Per Million,377.17,2004.0,1.0,2004.0833333333333
1090,Parts Per Million,378.05,2004.0,2.0,2004.1666666666667
1092,Parts Per Million,379.06,2004.0,3.0,2004.25
1094,Parts Per Million,380.54,2004.0,4.0,2004.3333333333333
1096,Parts Per Million,380.8,2004.0,5.0,2004.4166666666667
1098,Parts Per Million,379.87,2004.0,6.0,2004.5
1100,Parts Per Million,377.65,2004.0,7.0,2004.5833333333333
1102,Parts Per Million,376.17,2004.0,8.0,2004.6666666666667
1104,Parts Per Million,374.43,2004.0,9.0,2004.75
1106,Parts Per Million,374.63,2004.0,10.0,2004.8333333333333
1108,Parts Per Million,376.33,2004.0,11.0,2004.9166666666667
1110,Parts Per Million,377.68,2004.0,12.0,2005.0
1112,Parts Per Million,378.63,2005.0,1.0,2005.0833333333333
1114,Parts Per Million,379.91,2005.0,2.0,2005.1666666666667
1116,Parts Per Million,380.95,2005.0,3.0,2005.25
1118,Parts Per Million,382.48,2005.0,4.0,2005.3333333333333
1120,Parts Per Million,382.64,2005.0,5.0,2005.4166666666667
1122,Parts Per Million,382.4,2005.0,6.0,2005.5
1124,Parts Per Million,380.93,2005.0,7.0,2005.5833333333333
1126,Parts Per Million,378.93,2005.0,8.0,2005.6666666666667
1128,Parts Per Million,376.89,2005.0,9.0,2005.75
1130,Parts Per Million,377.19,2005.0,10.0,2005.8333333333333
1132,Parts Per Million,378.54,2005.0,11.0,2005.9166666666667
1134,Parts Per Million,380.31,2005.0,12.0,2006.0
1136,Parts Per Million,381.58,2006.0,1.0,2006.0833333333333
1138,Parts Per Million,382.4,2006.0,2.0,2006.1666666666667
1140,Parts Per Million,382.86,2006.0,3.0,2006.25
1142,Parts Per Million,384.8,2006.0,4.0,2006.3333333333333
1144,Parts Per Million,385.22,2006.0,5.0,2006.4166666666667
1146,Parts Per Million,384.24,2006.0,6.0,2006.5
1148,Parts Per Million,382.65,2006.0,7.0,2006.5833333333333
1150,Parts Per Million,380.6,2006.0,8.0,2006.6666666666667
1152,Parts Per Million,379.04,2006.0,9.0,2006.75
1154,Parts Per Million,379.33,2006.0,10.0,2006.8333333333333
1156,Parts Per Million,380.35,2006.0,11.0,2006.9166666666667
1158,Parts Per Million,382.02,2006.0,12.0,2007.0
1160,Parts Per Million,383.1,2007.0,1.0,2007.0833333333333
1162,Parts Per Million,384.12,2007.0,2.0,2007.1666666666667
1164,Parts Per Million,384.81,2007.0,3.0,2007.25
1166,Parts Per Million,386.73,2007.0,4.0,2007.3333333333333
1168,Parts Per Million,386.78,2007.0,5.0,2007.4166666666667
1170,Parts Per Million,386.33,2007.0,6.0,2007.5
1172,Parts Per Million,384.73,2007.0,7.0,2007.5833333333333
1174,Parts Per Million,382.24,2007.0,8.0,2007.6666666666667
1176,Parts Per Million,381.2,2007.0,9.0,2007.75
1178,Parts Per Million,381.37,2007.0,10.0,2007.8333333333333
1180,Parts Per Million,382.7,2007.0,11.0,2007.9166666666667
1182,Parts Per Million,384.19,2007.0,12.0,2008.0
1184,Parts Per Million,385.78,2008.0,1.0,2008.0833333333333
1186,Parts Per Million,386.06,2008.0,2.0,2008.1666666666667
1188,Parts Per Million,386.28,2008.0,3.0,2008.25
1190,Parts Per Million,387.34,2008.0,4.0,2008.3333333333333
1192,Parts Per Million,388.78,2008.0,5.0,2008.4166666666667
1194,Parts Per Million,387.99,2008.0,6.0,2008.5
1196,Parts Per Million,386.61,2008.0,7.0,2008.5833333333333
1198,Parts Per Million,384.32,2008.0,8.0,2008.6666666666667
1200,Parts Per Million,383.41,2008.0,9.0,2008.75
1202,Parts Per Million,383.21,2008.0,10.0,2008.8333333333333
1204,Parts Per Million,384.41,2008.0,11.0,2008.9166666666667
1206,Parts Per Million,385.79,2008.0,12.0,2009.0
1208,Parts Per Million,387.17,2009.0,1.0,2009.0833333333333
1210,Parts Per Million,387.7,2009.0,2.0,2009.1666666666667
1212,Parts Per Million,389.04,2009.0,3.0,2009.25
1214,Parts Per Million,389.76,2009.0,4.0,2009.3333333333333
1216,Parts Per Million,390.36,2009.0,5.0,2009.4166666666667
1218,Parts Per Million,389.7,2009.0,6.0,2009.5
1220,Parts Per Million,388.24,2009.0,7.0,2009.5833333333333
1222,Parts Per Million,386.29,2009.0,8.0,2009.6666666666667
1224,Parts Per Million,384.95,2009.0,9.0,2009.75
1226,Parts Per Million,384.64,2009.0,10.0,2009.8333333333333
1228,Parts Per Million,386.23,2009.0,11.0,2009.9166666666667
1230,Parts Per Million,387.63,2009.0,12.0,2010.0
1232,Parts Per Million,388.91,2010.0,1.0,2010.0833333333333
1234,Parts Per Million,390.41,2010.0,2.0,2010.1666666666667
1236,Parts Per Million,391.37,2010.0,3.0,2010.25
1238,Parts Per Million,392.67,2010.0,4.0,2010.3333333333333
1240,Parts Per Million,393.21,2010.0,5.0,2010.4166666666667
1242,Parts Per Million,392.38,2010.0,6.0,2010.5
1244,Parts Per Million,390.41,2010.0,7.0,2010.5833333333333
1246,Parts Per Million,388.54,2010.0,8.0,2010.6666666666667
1248,Parts Per Million,387.03,2010.0,9.0,2010.75
1250,Parts Per Million,387.43,2010.0,10.0,2010.8333333333333
1252,Parts Per Million,388.87,2010.0,11.0,2010.9166666666667
1254,Parts Per Million,389.99,2010.0,12.0,2011.0
1256,Parts Per Million,391.5,2011.0,1.0,2011.0833333333333
1258,Parts Per Million,392.05,2011.0,2.0,2011.1666666666667
1260,Parts Per Million,392.8,2011.0,3.0,2011.25
1262,Parts Per Million,393.44,2011.0,4.0,2011.3333333333333
1264,Parts Per Million,394.41,2011.0,5.0,2011.4166666666667
1266,Parts Per Million,393.95,2011.0,6.0,2011.5
1268,Parts Per Million,392.72,2011.0,7.0,2011.5833333333333
1270,Parts Per Million,390.33,2011.0,8.0,2011.6666666666667
1272,Parts Per Million,389.28,2011.0,9.0,2011.75
1274,Parts Per Million,389.19,2011.0,10.0,2011.8333333333333
1276,Parts Per Million,390.48,2011.0,11.0,2011.9166666666667
1278,Parts Per Million,392.06,2011.0,12.0,2012.0
1280,Parts Per Million,393.31,2012.0,1.0,2012.0833333333333
1282,Parts Per Million,394.04,2012.0,2.0,2012.1666666666667
1284,Parts Per Million,394.59,2012.0,3.0,2012.25
1286,Parts Per Million,396.38,2012.0,4.0,2012.3333333333333
1288,Parts Per Million,396.93,2012.0,5.0,2012.4166666666667
1290,Parts Per Million,395.91,2012.0,6.0,2012.5
1292,Parts Per Million,394.56,2012.0,7.0,2012.5833333333333
1294,Parts Per Million,392.59,2012.0,8.0,2012.6666666666667
1296,Parts Per Million,391.32,2012.0,9.0,2012.75
1298,Parts Per Million,391.27,2012.0,10.0,2012.8333333333333
1300,Parts Per Million,393.2,2012.0,11.0,2012.9166666666667
1302,Parts Per Million,394.57,2012.0,12.0,2013.0
1304,Parts Per Million,395.78,2013.0,1.0,2013.0833333333333
1306,Parts Per Million,397.03,2013.0,2.0,2013.1666666666667
1308,Parts Per Million,397.66,2013.0,3.0,2013.25
1310,Parts Per Million,398.64,2013.0,4.0,2013.3333333333333
1312,Parts Per Million,400.02,2013.0,5.0,2013.4166666666667
1314,Parts Per Million,398.81,2013.0,6.0,2013.5
1316,Parts Per Million,397.51,2013.0,7.0,2013.5833333333333
1318,Parts Per Million,395.39,2013.0,8.0,2013.6666666666667
1320,Parts Per Million,393.72,2013.0,9.0,2013.75
1322,Parts Per Million,393.9,2013.0,10.0,2013.8333333333333
1324,Parts Per Million,395.36,2013.0,11.0,2013.9166666666667
1326,Parts Per Million,397.03,2013.0,12.0,2014.0
1328,Parts Per Million,398.04,2014.0,1.0,2014.0833333333333
1330,Parts Per Million,398.27,2014.0,2.0,2014.1666666666667
1332,Parts Per Million,399.91,2014.0,3.0,2014.25
1334,Parts Per Million,401.51,2014.0,4.0,2014.3333333333333
1336,Parts Per Million,401.96,2014.0,5.0,2014.4166666666667
1338,Parts Per Million,401.43,2014.0,6.0,2014.5
1340,Parts Per Million,399.27,2014.0,7.0,2014.5833333333333
1342,Parts Per Million,397.18,2014.0,8.0,2014.6666666666667
1344,Parts Per Million,395.54,2014.0,9.0,2014.75
1346,Parts Per Million,396.16,2014.0,10.0,2014.8333333333333
1348,Parts Per Million,397.4,2014.0,11.0,2014.9166666666667
1350,Parts Per Million,399.08,2014.0,12.0,2015.0
1352,Parts Per Million,400.18,2015.0,1.0,2015.0833333333333
1354,Parts Per Million,400.55,2015.0,2.0,2015.1666666666667
1356,Parts Per Million,401.74,2015.0,3.0,2015.25
1358,Parts Per Million,403.34,2015.0,4.0,2015.3333333333333
1360,Parts Per Million,404.15,2015.0,5.0,2015.4166666666667
1362,Parts Per Million,402.97,2015.0,6.0,2015.5
1364,Parts Per Million,401.46,2015.0,7.0,2015.5833333333333
1366,Parts Per Million,399.11,2015.0,8.0,2015.6666666666667
1368,Parts Per Million,397.82,2015.0,9.0,2015.75
1370,Parts Per Million,398.49,2015.0,10.0,2015.8333333333333
1372,Parts Per Million,400.27,2015.0,11.0,2015.9166666666667
1374,Parts Per Million,402.06,2015.0,12.0,2016.0
1376,Parts Per Million,402.73,2016.0,1.0,2016.0833333333333
1378,Parts Per Million,404.25,2016.0,2.0,2016.1666666666667
1380,Parts Per Million,405.06,2016.0,3.0,2016.25
1382,Parts Per Million,407.6,2016.0,4.0,2016.3333333333333
1384,Parts Per Million,407.9,2016.0,5.0,2016.4166666666667
1386,Parts Per Million,406.99,2016.0,6.0,2016.5
1388,Parts Per Million,404.59,2016.0,7.0,2016.5833333333333
1390,Parts Per Million,402.45,2016.0,8.0,2016.6666666666667
1392,Parts Per Million,401.23,2016.0,9.0,2016.75
1394,Parts Per Million,401.79,2016.0,10.0,2016.8333333333333
1396,Parts Per Million,403.72,2016.0,11.0,2016.9166666666667
1398,Parts Per Million,404.64,2016.0,12.0,2017.0
1400,Parts Per Million,406.36,2017.0,1.0,2017.0833333333333
1402,Parts Per Million,406.66,2017.0,2.0,2017.1666666666667
1404,Parts Per Million,407.54,2017.0,3.0,2017.25
1406,Parts Per Million,409.22,2017.0,4.0,2017.3333333333333
1408,Parts Per Million,409.89,2017.0,5.0,2017.4166666666667
1410,Parts Per Million,409.08,2017.0,6.0,2017.5
1412,Parts Per Million,407.33,2017.0,7.0,2017.5833333333333
1414,Parts Per Million,405.32,2017.0,8.0,2017.6666666666667
1416,Parts Per Million,403.57,2017.0,9.0,2017.75
1418,Parts Per Million,403.82,2017.0,10.0,2017.8333333333333
1420,Parts Per Million,405.31,2017.0,11.0,2017.9166666666667
1422,Parts Per Million,407.0,2017.0,12.0,2018.0
1424,Parts Per Million,408.15,2018.0,1.0,2018.0833333333333
1426,Parts Per Million,408.52,2018.0,2.0,2018.1666666666667
1428,Parts Per Million,409.59,2018.0,3.0,2018.25
1430,Parts Per Million,410.45,2018.0,4.0,2018.3333333333333
1432,Parts Per Million,411.44,2018.0,5.0,2018.4166666666667
1434,Parts Per Million,410.99,2018.0,6.0,2018.5
1436,Parts Per Million,408.9,2018.0,7.0,2018.5833333333333
1438,Parts Per Million,407.16,2018.0,8.0,2018.6666666666667
1440,Parts Per Million,405.71,2018.0,9.0,2018.75
1442,Parts Per Million,406.19,2018.0,10.0,2018.8333333333333
1444,Parts Per Million,408.21,2018.0,11.0,2018.9166666666667
1446,Parts Per Million,409.27,2018.0,12.0,2019.0
1448,Parts Per Million,411.03,2019.0,1.0,2019.0833333333333
1450,Parts Per Million,411.96,2019.0,2.0,2019.1666666666667
1452,Parts Per Million,412.18,2019.0,3.0,2019.25
1454,Parts Per Million,413.54,2019.0,4.0,2019.3333333333333
1456,Parts Per Million,414.86,2019.0,5.0,2019.4166666666667
1458,Parts Per Million,414.15,2019.0,6.0,2019.5
1460,Parts Per Million,411.96,2019.0,7.0,2019.5833333333333
1462,Parts Per Million,410.17,2019.0,8.0,2019.6666666666667
1464,Parts Per Million,408.76,2019.0,9.0,2019.75
1466,Parts Per Million,408.74,2019.0,10.0,2019.8333333333333
1468,Parts Per Million,410.47,2019.0,11.0,2019.9166666666667
1470,Parts Per Million,411.97,2019.0,12.0,2020.0
1472,Parts Per Million,413.59,2020.0,1.0,2020.0833333333333
1474,Parts Per Million,414.32,2020.0,2.0,2020.1666666666667
1476,Parts Per Million,414.71,2020.0,3.0,2020.25
1478,Parts Per Million,416.42,2020.0,4.0,2020.3333333333333
1480,Parts Per Million,417.28,2020.0,5.0,2020.4166666666667
1482,Parts Per Million,416.58,2020.0,6.0,2020.5
1484,Parts Per Million,414.58,2020.0,7.0,2020.5833333333333
1486,Parts Per Million,412.75,2020.0,8.0,2020.6666666666667
1488,Parts Per Million,411.49,2020.0,9.0,2020.75
1490,Parts Per Million,411.48,2020.0,10.0,2020.8333333333333
1492,Parts Per Million,413.1,2020.0,11.0,2020.9166666666667
1494,Parts Per Million,414.23,2020.0,12.0,2021.0
1496,Parts Per Million,415.49,2021.0,1.0,2021.0833333333333
1498,Parts Per Million,416.72,2021.0,2.0,2021.1666666666667
1500,Parts Per Million,417.61,2021.0,3.0,2021.25
1502,Parts Per Million,419.01,2021.0,4.0,2021.3333333333333
1504,Parts Per Million,419.09,2021.0,5.0,2021.4166666666667
1506,Parts Per Million,418.92,2021.0,6.0,2021.5
1508,Parts Per Million,416.9,2021.0,7.0,2021.5833333333333
1510,Parts Per Million,414.42,2021.0,8.0,2021.6666666666667
1512,Parts Per Million,413.26,2021.0,9.0,2021.75
1514,Parts Per Million,413.9,2021.0,10.0,2021.8333333333333
1516,Parts Per Million,414.97,2021.0,11.0,2021.9166666666667
1518,Parts Per Million,416.67,2021.0,12.0,2022.0
1520,Parts Per Million,418.13,2022.0,1.0,2022.0833333333333
1522,Parts Per Million,419.24,2022.0,2.0,2022.1666666666667
1524,Parts Per Million,418.76,2022.0,3.0,2022.25
1526,Parts Per Million,420.19,2022.0,4.0,2022.3333333333333
1528,Parts Per Million,420.97,2022.0,5.0,2022.4166666666667
1530,Parts Per Million,420.94,2022.0,6.0,2022.5
1532,Parts Per Million,418.85,2022.0,7.0,2022.5833333333333
1534,Parts Per Million,417.15,2022.0,8.0,2022.6666666666667
1536,Parts Per Million,415.91,2022.0,9.0,2022.75
1538,Parts Per Million,415.74,2022.0,10.0,2022.8333333333333
1540,Parts Per Million,417.47,2022.0,11.0,2022.9166666666667
1542,Parts Per Million,418.99,2022.0,12.0,2023.0
1544,Parts Per Million,419.48,2023.0,1.0,2023.0833333333333
1546,Parts Per Million,420.3,2023.0,2.0,2023.1666666666667
1548,Parts Per Million,420.98,2023.0,3.0,2023.25
1550,Parts Per Million,423.36,2023.0,4.0,2023.3333333333333
1552,Parts Per Million,424.0,2023.0,5.0,2023.4166666666667
1554,Parts Per Million,423.68,2023.0,6.0,2023.5
1556,Parts Per Million,421.83,2023.0,7.0,2023.5833333333333
1558,Parts Per Million,419.68,2023.0,8.0,2023.6666666666667
1560,Parts Per Million,418.51,2023.0,9.0,2023.75
1562,Parts Per Million,418.82,2023.0,10.0,2023.8333333333333
1564,Parts Per Million,420.46,2023.0,11.0,2023.9166666666667
